{
  "eye": {
    "orientation": [
      0.21895360946655273,
      0.22690090537071228,
      0.8818649053573608,
      -0.3505561053752899
    ],
    "magnitude": 1,
    "position": [
      1068.6436767578125,
      164.02569580078125,
      95.26945495605469
    ]
  },
  "radius": 793.2212524414062,
  "type": "PERSPECTIVE"
}