{
  "eye": {
    "orientation": [
      -0.15994606912136078,
      -0.1715819090604782,
      0.8911322355270386,
      0.3884073495864868
    ],
    "magnitude": 0.6267157196998596,
    "position": [
      521.830810546875,
      308.71728515625,
      551.3785400390625
    ]
  },
  "radius": 150,
  "type": "PERSPECTIVE"
}